nome_azienda,nome,categoria,valori,anno
101,BELLUNO,FINO A 14 GIORNI,41,2015
101,BELLUNO,OLTRE I 14 GIORNI,34,2015
101,BELLUNO,FINO A 14 GIORNI,11,2015
101,BELLUNO,OLTRE I 14 GIORNI,10,2015
102,FELTRE,FINO A 14 GIORNI,40,2015
102,FELTRE,OLTRE I 14 GIORNI,51,2015
102,FELTRE,FINO A 14 GIORNI,12,2015
102,FELTRE,OLTRE I 14 GIORNI,17,2015
103,BASSANO DEL GRAPPA,FINO A 14 GIORNI,41,2015
103,BASSANO DEL GRAPPA,OLTRE I 14 GIORNI,29,2015
103,BASSANO DEL GRAPPA,FINO A 14 GIORNI,35,2015
103,BASSANO DEL GRAPPA,OLTRE I 14 GIORNI,23,2015
104,THIENE,FINO A 14 GIORNI,54,2015
104,THIENE,OLTRE I 14 GIORNI,53,2015
104,THIENE,FINO A 14 GIORNI,43,2015
104,THIENE,OLTRE I 14 GIORNI,32,2015
105,ARZIGNANO,FINO A 14 GIORNI,39,2015
105,ARZIGNANO,OLTRE I 14 GIORNI,33,2015
105,ARZIGNANO,FINO A 14 GIORNI,41,2015
105,ARZIGNANO,OLTRE I 14 GIORNI,39,2015
106,VICENZA,FINO A 14 GIORNI,68,2015
106,VICENZA,OLTRE I 14 GIORNI,78,2015
106,VICENZA,FINO A 14 GIORNI,46,2015
106,VICENZA,OLTRE I 14 GIORNI,85,2015
107,PIEVE DI SOLIGO,FINO A 14 GIORNI,145,2015
107,PIEVE DI SOLIGO,OLTRE I 14 GIORNI,55,2015
107,PIEVE DI SOLIGO,FINO A 14 GIORNI,89,2015
107,PIEVE DI SOLIGO,OLTRE I 14 GIORNI,24,2015
108,ASOLO,FINO A 14 GIORNI,124,2015
108,ASOLO,OLTRE I 14 GIORNI,49,2015
108,ASOLO,FINO A 14 GIORNI,68,2015
108,ASOLO,OLTRE I 14 GIORNI,57,2015
109,TREVISO,FINO A 14 GIORNI,93,2015
109,TREVISO,OLTRE I 14 GIORNI,117,2015
109,TREVISO,FINO A 14 GIORNI,58,2015
109,TREVISO,OLTRE I 14 GIORNI,89,2015
110,S. DONA' DI PIAVE,FINO A 14 GIORNI,33,2015
110,S. DONA' DI PIAVE,OLTRE I 14 GIORNI,48,2015
110,S. DONA' DI PIAVE,FINO A 14 GIORNI,20,2015
110,S. DONA' DI PIAVE,OLTRE I 14 GIORNI,43,2015
112,VENEZIANA,FINO A 14 GIORNI,82,2015
112,VENEZIANA,OLTRE I 14 GIORNI,187,2015
112,VENEZIANA,FINO A 14 GIORNI,82,2015
112,VENEZIANA,OLTRE I 14 GIORNI,145,2015
113,MIRANO,FINO A 14 GIORNI,102,2015
113,MIRANO,OLTRE I 14 GIORNI,119,2015
113,MIRANO,FINO A 14 GIORNI,51,2015
113,MIRANO,OLTRE I 14 GIORNI,67,2015
114,CHIOGGIA,FINO A 14 GIORNI,12,2015
114,CHIOGGIA,OLTRE I 14 GIORNI,30,2015
114,CHIOGGIA,FINO A 14 GIORNI,8,2015
114,CHIOGGIA,OLTRE I 14 GIORNI,9,2015
115,CITTADELLA,FINO A 14 GIORNI,78,2015
115,CITTADELLA,OLTRE I 14 GIORNI,30,2015
115,CITTADELLA,FINO A 14 GIORNI,39,2015
115,CITTADELLA,OLTRE I 14 GIORNI,31,2015
116,PADOVA,FINO A 14 GIORNI,28,2015
116,PADOVA,OLTRE I 14 GIORNI,64,2015
116,PADOVA,FINO A 14 GIORNI,19,2015
116,PADOVA,OLTRE I 14 GIORNI,58,2015
117,ESTE,FINO A 14 GIORNI,27,2015
117,ESTE,OLTRE I 14 GIORNI,56,2015
117,ESTE,FINO A 14 GIORNI,13,2015
117,ESTE,OLTRE I 14 GIORNI,38,2015
118,ROVIGO,FINO A 14 GIORNI,93,2015
118,ROVIGO,OLTRE I 14 GIORNI,36,2015
118,ROVIGO,FINO A 14 GIORNI,26,2015
118,ROVIGO,OLTRE I 14 GIORNI,30,2015
119,ADRIA,FINO A 14 GIORNI,9,2015
119,ADRIA,OLTRE I 14 GIORNI,12,2015
119,ADRIA,FINO A 14 GIORNI,4,2015
119,ADRIA,OLTRE I 14 GIORNI,7,2015
120,VERONA,FINO A 14 GIORNI,24,2015
120,VERONA,OLTRE I 14 GIORNI,45,2015
120,VERONA,FINO A 14 GIORNI,32,2015
120,VERONA,OLTRE I 14 GIORNI,40,2015
121,LEGNAGO,FINO A 14 GIORNI,60,2015
121,LEGNAGO,OLTRE I 14 GIORNI,1,2015
121,LEGNAGO,FINO A 14 GIORNI,42,2015
121,LEGNAGO,OLTRE I 14 GIORNI,1,2015
122,BUSSOLENGO,FINO A 14 GIORNI,18,2015
122,BUSSOLENGO,OLTRE I 14 GIORNI,13,2015
122,BUSSOLENGO,FINO A 14 GIORNI,8,2015
122,BUSSOLENGO,OLTRE I 14 GIORNI,13,2015
901,AZIENDA OSPEDALE - UNIVERSITÀ PADOVA,FINO A 14 GIORNI,129,2015
901,AZIENDA OSPEDALE - UNIVERSITÀ PADOVA,OLTRE I 14 GIORNI,57,2015
901,AZIENDA OSPEDALE - UNIVERSITÀ PADOVA,FINO A 14 GIORNI,86,2015
901,AZIENDA OSPEDALE - UNIVERSITÀ PADOVA,OLTRE I 14 GIORNI,76,2015
912,A.O. INTEGRATA CON UNIVERSITÀ - VERONA,FINO A 14 GIORNI,172,2015
912,A.O. INTEGRATA CON UNIVERSITÀ - VERONA,OLTRE I 14 GIORNI,193,2015
912,A.O. INTEGRATA CON UNIVERSITÀ - VERONA,FINO A 14 GIORNI,167,2015
912,A.O. INTEGRATA CON UNIVERSITÀ - VERONA,OLTRE I 14 GIORNI,194,2015
101,BELLUNO,FINO A 14 GIORNI,34,2016
101,BELLUNO,OLTRE I 14 GIORNI,22,2016
101,BELLUNO,FINO A 14 GIORNI,12,2016
101,BELLUNO,OLTRE I 14 GIORNI,10,2016
102,FELTRE,FINO A 14 GIORNI,43,2016
102,FELTRE,OLTRE I 14 GIORNI,44,2016
102,FELTRE,FINO A 14 GIORNI,21,2016
102,FELTRE,OLTRE I 14 GIORNI,13,2016
103,BASSANO DEL GRAPPA,FINO A 14 GIORNI,29,2016
103,BASSANO DEL GRAPPA,OLTRE I 14 GIORNI,33,2016
103,BASSANO DEL GRAPPA,FINO A 14 GIORNI,24,2016
103,BASSANO DEL GRAPPA,OLTRE I 14 GIORNI,19,2016
104,THIENE,FINO A 14 GIORNI,72,2016
104,THIENE,OLTRE I 14 GIORNI,48,2016
104,THIENE,FINO A 14 GIORNI,38,2016
104,THIENE,OLTRE I 14 GIORNI,40,2016
105,ARZIGNANO,FINO A 14 GIORNI,35,2016
105,ARZIGNANO,OLTRE I 14 GIORNI,46,2016
105,ARZIGNANO,FINO A 14 GIORNI,35,2016
105,ARZIGNANO,OLTRE I 14 GIORNI,46,2016
106,VICENZA,FINO A 14 GIORNI,92,2016
106,VICENZA,OLTRE I 14 GIORNI,83,2016
106,VICENZA,FINO A 14 GIORNI,57,2016
106,VICENZA,OLTRE I 14 GIORNI,64,2016
107,PIEVE DI SOLIGO,FINO A 14 GIORNI,147,2016
107,PIEVE DI SOLIGO,OLTRE I 14 GIORNI,27,2016
107,PIEVE DI SOLIGO,FINO A 14 GIORNI,84,2016
107,PIEVE DI SOLIGO,OLTRE I 14 GIORNI,11,2016
108,ASOLO,FINO A 14 GIORNI,89,2016
108,ASOLO,OLTRE I 14 GIORNI,57,2016
108,ASOLO,FINO A 14 GIORNI,49,2016
108,ASOLO,OLTRE I 14 GIORNI,50,2016
109,TREVISO,FINO A 14 GIORNI,111,2016
109,TREVISO,OLTRE I 14 GIORNI,115,2016
109,TREVISO,FINO A 14 GIORNI,68,2016
109,TREVISO,OLTRE I 14 GIORNI,113,2016
110,S. DONA' DI PIAVE,FINO A 14 GIORNI,33,2016
110,S. DONA' DI PIAVE,OLTRE I 14 GIORNI,34,2016
110,S. DONA' DI PIAVE,FINO A 14 GIORNI,31,2016
110,S. DONA' DI PIAVE,OLTRE I 14 GIORNI,36,2016
112,VENEZIANA,FINO A 14 GIORNI,106,2016
112,VENEZIANA,OLTRE I 14 GIORNI,151,2016
112,VENEZIANA,FINO A 14 GIORNI,88,2016
112,VENEZIANA,OLTRE I 14 GIORNI,117,2016
113,MIRANO,FINO A 14 GIORNI,111,2016
113,MIRANO,OLTRE I 14 GIORNI,122,2016
113,MIRANO,FINO A 14 GIORNI,61,2016
113,MIRANO,OLTRE I 14 GIORNI,70,2016
114,CHIOGGIA,FINO A 14 GIORNI,27,2016
114,CHIOGGIA,OLTRE I 14 GIORNI,28,2016
114,CHIOGGIA,FINO A 14 GIORNI,13,2016
114,CHIOGGIA,OLTRE I 14 GIORNI,15,2016
115,CITTADELLA,FINO A 14 GIORNI,96,2016
115,CITTADELLA,OLTRE I 14 GIORNI,44,2016
115,CITTADELLA,FINO A 14 GIORNI,43,2016
115,CITTADELLA,OLTRE I 14 GIORNI,27,2016
116,PADOVA,FINO A 14 GIORNI,31,2016
116,PADOVA,OLTRE I 14 GIORNI,60,2016
116,PADOVA,FINO A 14 GIORNI,23,2016
116,PADOVA,OLTRE I 14 GIORNI,67,2016
117,ESTE,FINO A 14 GIORNI,30,2016
117,ESTE,OLTRE I 14 GIORNI,55,2016
117,ESTE,FINO A 14 GIORNI,17,2016
117,ESTE,OLTRE I 14 GIORNI,34,2016
118,ROVIGO,FINO A 14 GIORNI,74,2016
118,ROVIGO,OLTRE I 14 GIORNI,26,2016
118,ROVIGO,FINO A 14 GIORNI,25,2016
118,ROVIGO,OLTRE I 14 GIORNI,24,2016
119,ADRIA,FINO A 14 GIORNI,20,2016
119,ADRIA,OLTRE I 14 GIORNI,13,2016
119,ADRIA,FINO A 14 GIORNI,6,2016
119,ADRIA,OLTRE I 14 GIORNI,6,2016
120,VERONA,FINO A 14 GIORNI,26,2016
120,VERONA,OLTRE I 14 GIORNI,47,2016
120,VERONA,FINO A 14 GIORNI,10,2016
120,VERONA,OLTRE I 14 GIORNI,40,2016
121,LEGNAGO,FINO A 14 GIORNI,55,2016
121,LEGNAGO,OLTRE I 14 GIORNI,2,2016
121,LEGNAGO,FINO A 14 GIORNI,41,2016
121,LEGNAGO,OLTRE I 14 GIORNI,1,2016
122,BUSSOLENGO,FINO A 14 GIORNI,37,2016
122,BUSSOLENGO,OLTRE I 14 GIORNI,29,2016
122,BUSSOLENGO,FINO A 14 GIORNI,20,2016
122,BUSSOLENGO,OLTRE I 14 GIORNI,25,2016
901,AZIENDA OSPEDALE - UNIVERSITÀ PADOVA,FINO A 14 GIORNI,133,2016
901,AZIENDA OSPEDALE - UNIVERSITÀ PADOVA,OLTRE I 14 GIORNI,38,2016
901,AZIENDA OSPEDALE - UNIVERSITÀ PADOVA,FINO A 14 GIORNI,91,2016
901,AZIENDA OSPEDALE - UNIVERSITÀ PADOVA,OLTRE I 14 GIORNI,61,2016
912,A.O. INTEGRATA CON UNIVERSITÀ - VERONA,FINO A 14 GIORNI,181,2016
912,A.O. INTEGRATA CON UNIVERSITÀ - VERONA,OLTRE I 14 GIORNI,166,2016
912,A.O. INTEGRATA CON UNIVERSITÀ - VERONA,FINO A 14 GIORNI,200,2016
912,A.O. INTEGRATA CON UNIVERSITÀ - VERONA,OLTRE I 14 GIORNI,178,2016
501,AZIENDA ULSS N. 1 DOLOMITI,FINO A 14 GIORNI,105,2017
501,AZIENDA ULSS N. 1 DOLOMITI,OLTRE I 14 GIORNI,45,2017
501,AZIENDA ULSS N. 1 DOLOMITI,FINO A 14 GIORNI,31,2017
501,AZIENDA ULSS N. 1 DOLOMITI,OLTRE I 14 GIORNI,16,2017
502,AZIENDA ULSS N. 2 MARCA TREVIGIANA,FINO A 14 GIORNI,311,2017
502,AZIENDA ULSS N. 2 MARCA TREVIGIANA,OLTRE I 14 GIORNI,207,2017
502,AZIENDA ULSS N. 2 MARCA TREVIGIANA,FINO A 14 GIORNI,172,2017
502,AZIENDA ULSS N. 2 MARCA TREVIGIANA,OLTRE I 14 GIORNI,143,2017
503,AZIENDA ULSS N. 3 SERENISSIMA,FINO A 14 GIORNI,226,2017
503,AZIENDA ULSS N. 3 SERENISSIMA,OLTRE I 14 GIORNI,252,2017
503,AZIENDA ULSS N. 3 SERENISSIMA,FINO A 14 GIORNI,146,2017
503,AZIENDA ULSS N. 3 SERENISSIMA,OLTRE I 14 GIORNI,171,2017
504,AZIENDA ULSS N. 4 VENETO ORIENTALE,FINO A 14 GIORNI,23,2017
504,AZIENDA ULSS N. 4 VENETO ORIENTALE,OLTRE I 14 GIORNI,53,2017
504,AZIENDA ULSS N. 4 VENETO ORIENTALE,FINO A 14 GIORNI,18,2017
504,AZIENDA ULSS N. 4 VENETO ORIENTALE,OLTRE I 14 GIORNI,29,2017
505,AZIENDA ULSS N. 5 POLESANA,FINO A 14 GIORNI,94,2017
505,AZIENDA ULSS N. 5 POLESANA,OLTRE I 14 GIORNI,37,2017
505,AZIENDA ULSS N. 5 POLESANA,FINO A 14 GIORNI,45,2017
505,AZIENDA ULSS N. 5 POLESANA,OLTRE I 14 GIORNI,44,2017
506,AZIENDA ULSS N. 6 EUGANEA,FINO A 14 GIORNI,191,2017
506,AZIENDA ULSS N. 6 EUGANEA,OLTRE I 14 GIORNI,134,2017
506,AZIENDA ULSS N. 6 EUGANEA,FINO A 14 GIORNI,101,2017
506,AZIENDA ULSS N. 6 EUGANEA,OLTRE I 14 GIORNI,98,2017
507,AZIENDA ULSS N. 7 PEDEMONTANA,FINO A 14 GIORNI,89,2017
507,AZIENDA ULSS N. 7 PEDEMONTANA,OLTRE I 14 GIORNI,105,2017
507,AZIENDA ULSS N. 7 PEDEMONTANA,FINO A 14 GIORNI,60,2017
507,AZIENDA ULSS N. 7 PEDEMONTANA,OLTRE I 14 GIORNI,58,2017
508,AZIENDA ULSS N. 8 BERICA,FINO A 14 GIORNI,124,2017
508,AZIENDA ULSS N. 8 BERICA,OLTRE I 14 GIORNI,98,2017
508,AZIENDA ULSS N. 8 BERICA,FINO A 14 GIORNI,107,2017
508,AZIENDA ULSS N. 8 BERICA,OLTRE I 14 GIORNI,78,2017
509,AZIENDA ULSS N. 9 SCALIGERA,FINO A 14 GIORNI,142,2017
509,AZIENDA ULSS N. 9 SCALIGERA,OLTRE I 14 GIORNI,102,2017
509,AZIENDA ULSS N. 9 SCALIGERA,FINO A 14 GIORNI,80,2017
509,AZIENDA ULSS N. 9 SCALIGERA,OLTRE I 14 GIORNI,86,2017
901,AZIENDA OSPEDALE - UNIVERSITÀ PADOVA,FINO A 14 GIORNI,145,2017
901,AZIENDA OSPEDALE - UNIVERSITÀ PADOVA,OLTRE I 14 GIORNI,21,2017
901,AZIENDA OSPEDALE - UNIVERSITÀ PADOVA,FINO A 14 GIORNI,147,2017
901,AZIENDA OSPEDALE - UNIVERSITÀ PADOVA,OLTRE I 14 GIORNI,11,2017
912,A.O. INTEGRATA CON UNIVERSITÀ - VERONA,FINO A 14 GIORNI,124,2017
912,A.O. INTEGRATA CON UNIVERSITÀ - VERONA,OLTRE I 14 GIORNI,176,2017
912,A.O. INTEGRATA CON UNIVERSITÀ - VERONA,FINO A 14 GIORNI,118,2017
912,A.O. INTEGRATA CON UNIVERSITÀ - VERONA,OLTRE I 14 GIORNI,189,2017
501,AZIENDA ULSS N. 1 DOLOMITI,FINO A 14 GIORNI,89,2018
501,AZIENDA ULSS N. 1 DOLOMITI,OLTRE I 14 GIORNI,62,2018
501,AZIENDA ULSS N. 1 DOLOMITI,FINO A 14 GIORNI,34,2018
501,AZIENDA ULSS N. 1 DOLOMITI,OLTRE I 14 GIORNI,18,2018
502,AZIENDA ULSS N. 2 MARCA TREVIGIANA,FINO A 14 GIORNI,301,2018
502,AZIENDA ULSS N. 2 MARCA TREVIGIANA,OLTRE I 14 GIORNI,212,2018
502,AZIENDA ULSS N. 2 MARCA TREVIGIANA,FINO A 14 GIORNI,152,2018
502,AZIENDA ULSS N. 2 MARCA TREVIGIANA,OLTRE I 14 GIORNI,154,2018
503,AZIENDA ULSS N. 3 SERENISSIMA,FINO A 14 GIORNI,226,2018
503,AZIENDA ULSS N. 3 SERENISSIMA,OLTRE I 14 GIORNI,294,2018
503,AZIENDA ULSS N. 3 SERENISSIMA,FINO A 14 GIORNI,117,2018
503,AZIENDA ULSS N. 3 SERENISSIMA,OLTRE I 14 GIORNI,181,2018
504,AZIENDA ULSS N. 4 VENETO ORIENTALE,FINO A 14 GIORNI,30,2018
504,AZIENDA ULSS N. 4 VENETO ORIENTALE,OLTRE I 14 GIORNI,32,2018
504,AZIENDA ULSS N. 4 VENETO ORIENTALE,FINO A 14 GIORNI,17,2018
504,AZIENDA ULSS N. 4 VENETO ORIENTALE,OLTRE I 14 GIORNI,29,2018
505,AZIENDA ULSS N. 5 POLESANA,FINO A 14 GIORNI,113,2018
505,AZIENDA ULSS N. 5 POLESANA,OLTRE I 14 GIORNI,48,2018
505,AZIENDA ULSS N. 5 POLESANA,FINO A 14 GIORNI,55,2018
505,AZIENDA ULSS N. 5 POLESANA,OLTRE I 14 GIORNI,32,2018
506,AZIENDA ULSS N. 6 EUGANEA,FINO A 14 GIORNI,205,2018
506,AZIENDA ULSS N. 6 EUGANEA,OLTRE I 14 GIORNI,128,2018
506,AZIENDA ULSS N. 6 EUGANEA,FINO A 14 GIORNI,130,2018
506,AZIENDA ULSS N. 6 EUGANEA,OLTRE I 14 GIORNI,89,2018
507,AZIENDA ULSS N. 7 PEDEMONTANA,FINO A 14 GIORNI,81,2018
507,AZIENDA ULSS N. 7 PEDEMONTANA,OLTRE I 14 GIORNI,75,2018
507,AZIENDA ULSS N. 7 PEDEMONTANA,FINO A 14 GIORNI,40,2018
507,AZIENDA ULSS N. 7 PEDEMONTANA,OLTRE I 14 GIORNI,36,2018
508,AZIENDA ULSS N. 8 BERICA,FINO A 14 GIORNI,131,2018
508,AZIENDA ULSS N. 8 BERICA,OLTRE I 14 GIORNI,97,2018
508,AZIENDA ULSS N. 8 BERICA,FINO A 14 GIORNI,98,2018
508,AZIENDA ULSS N. 8 BERICA,OLTRE I 14 GIORNI,91,2018
509,AZIENDA ULSS N. 9 SCALIGERA,FINO A 14 GIORNI,120,2018
509,AZIENDA ULSS N. 9 SCALIGERA,OLTRE I 14 GIORNI,118,2018
509,AZIENDA ULSS N. 9 SCALIGERA,FINO A 14 GIORNI,102,2018
509,AZIENDA ULSS N. 9 SCALIGERA,OLTRE I 14 GIORNI,65,2018
901,AZIENDA OSPEDALE - UNIVERSITÀ PADOVA,FINO A 14 GIORNI,87,2018
901,AZIENDA OSPEDALE - UNIVERSITÀ PADOVA,OLTRE I 14 GIORNI,54,2018
901,AZIENDA OSPEDALE - UNIVERSITÀ PADOVA,FINO A 14 GIORNI,51,2018
901,AZIENDA OSPEDALE - UNIVERSITÀ PADOVA,OLTRE I 14 GIORNI,72,2018
912,A.O. INTEGRATA CON UNIVERSITÀ - VERONA,FINO A 14 GIORNI,118,2018
912,A.O. INTEGRATA CON UNIVERSITÀ - VERONA,OLTRE I 14 GIORNI,138,2018
912,A.O. INTEGRATA CON UNIVERSITÀ - VERONA,FINO A 14 GIORNI,103,2018
912,A.O. INTEGRATA CON UNIVERSITÀ - VERONA,OLTRE I 14 GIORNI,192,2018
501,AZIENDA ULSS N. 1 DOLOMITI,FINO A 14 GIORNI,87,2019
501,AZIENDA ULSS N. 1 DOLOMITI,OLTRE I 14 GIORNI,60,2019
501,AZIENDA ULSS N. 1 DOLOMITI,FINO A 14 GIORNI,18,2019
501,AZIENDA ULSS N. 1 DOLOMITI,OLTRE I 14 GIORNI,12,2019
502,AZIENDA ULSS N. 2 MARCA TREVIGIANA,FINO A 14 GIORNI,268,2019
502,AZIENDA ULSS N. 2 MARCA TREVIGIANA,OLTRE I 14 GIORNI,202,2019
502,AZIENDA ULSS N. 2 MARCA TREVIGIANA,FINO A 14 GIORNI,172,2019
502,AZIENDA ULSS N. 2 MARCA TREVIGIANA,OLTRE I 14 GIORNI,105,2019
503,AZIENDA ULSS N. 3 SERENISSIMA,FINO A 14 GIORNI,223,2019
503,AZIENDA ULSS N. 3 SERENISSIMA,OLTRE I 14 GIORNI,216,2019
503,AZIENDA ULSS N. 3 SERENISSIMA,FINO A 14 GIORNI,138,2019
503,AZIENDA ULSS N. 3 SERENISSIMA,OLTRE I 14 GIORNI,159,2019
504,AZIENDA ULSS N. 4 VENETO ORIENTALE,FINO A 14 GIORNI,29,2019
504,AZIENDA ULSS N. 4 VENETO ORIENTALE,OLTRE I 14 GIORNI,38,2019
504,AZIENDA ULSS N. 4 VENETO ORIENTALE,FINO A 14 GIORNI,23,2019
504,AZIENDA ULSS N. 4 VENETO ORIENTALE,OLTRE I 14 GIORNI,31,2019
505,AZIENDA ULSS N. 5 POLESANA,FINO A 14 GIORNI,80,2019
505,AZIENDA ULSS N. 5 POLESANA,OLTRE I 14 GIORNI,33,2019
505,AZIENDA ULSS N. 5 POLESANA,FINO A 14 GIORNI,29,2019
505,AZIENDA ULSS N. 5 POLESANA,OLTRE I 14 GIORNI,44,2019
506,AZIENDA ULSS N. 6 EUGANEA,FINO A 14 GIORNI,200,2019
506,AZIENDA ULSS N. 6 EUGANEA,OLTRE I 14 GIORNI,114,2019
506,AZIENDA ULSS N. 6 EUGANEA,FINO A 14 GIORNI,97,2019
506,AZIENDA ULSS N. 6 EUGANEA,OLTRE I 14 GIORNI,81,2019
507,AZIENDA ULSS N. 7 PEDEMONTANA,FINO A 14 GIORNI,94,2019
507,AZIENDA ULSS N. 7 PEDEMONTANA,OLTRE I 14 GIORNI,83,2019
507,AZIENDA ULSS N. 7 PEDEMONTANA,FINO A 14 GIORNI,40,2019
507,AZIENDA ULSS N. 7 PEDEMONTANA,OLTRE I 14 GIORNI,53,2019
508,AZIENDA ULSS N. 8 BERICA,FINO A 14 GIORNI,102,2019
508,AZIENDA ULSS N. 8 BERICA,OLTRE I 14 GIORNI,104,2019
508,AZIENDA ULSS N. 8 BERICA,FINO A 14 GIORNI,73,2019
508,AZIENDA ULSS N. 8 BERICA,OLTRE I 14 GIORNI,102,2019
509,AZIENDA ULSS N. 9 SCALIGERA,FINO A 14 GIORNI,116,2019
509,AZIENDA ULSS N. 9 SCALIGERA,OLTRE I 14 GIORNI,109,2019
509,AZIENDA ULSS N. 9 SCALIGERA,FINO A 14 GIORNI,77,2019
509,AZIENDA ULSS N. 9 SCALIGERA,OLTRE I 14 GIORNI,115,2019
901,AZIENDA OSPEDALE - UNIVERSITÀ PADOVA,FINO A 14 GIORNI,61,2019
901,AZIENDA OSPEDALE - UNIVERSITÀ PADOVA,OLTRE I 14 GIORNI,76,2019
901,AZIENDA OSPEDALE - UNIVERSITÀ PADOVA,FINO A 14 GIORNI,33,2019
901,AZIENDA OSPEDALE - UNIVERSITÀ PADOVA,OLTRE I 14 GIORNI,84,2019
912,A.O. INTEGRATA CON UNIVERSITÀ - VERONA,FINO A 14 GIORNI,161,2019
912,A.O. INTEGRATA CON UNIVERSITÀ - VERONA,OLTRE I 14 GIORNI,159,2019
912,A.O. INTEGRATA CON UNIVERSITÀ - VERONA,FINO A 14 GIORNI,106,2019
912,A.O. INTEGRATA CON UNIVERSITÀ - VERONA,OLTRE I 14 GIORNI,144,2019
501,AZIENDA ULSS N. 1 DOLOMITI,FINO A 14 GIORNI,99,2020
501,AZIENDA ULSS N. 1 DOLOMITI,OLTRE I 14 GIORNI,37,2020
501,AZIENDA ULSS N. 1 DOLOMITI,FINO A 14 GIORNI,24,2020
501,AZIENDA ULSS N. 1 DOLOMITI,OLTRE I 14 GIORNI,11,2020
502,AZIENDA ULSS N. 2 MARCA TREVIGIANA,FINO A 14 GIORNI,310,2020
502,AZIENDA ULSS N. 2 MARCA TREVIGIANA,OLTRE I 14 GIORNI,156,2020
502,AZIENDA ULSS N. 2 MARCA TREVIGIANA,FINO A 14 GIORNI,162,2020
502,AZIENDA ULSS N. 2 MARCA TREVIGIANA,OLTRE I 14 GIORNI,118,2020
503,AZIENDA ULSS N. 3 SERENISSIMA,FINO A 14 GIORNI,234,2020
503,AZIENDA ULSS N. 3 SERENISSIMA,OLTRE I 14 GIORNI,194,2020
503,AZIENDA ULSS N. 3 SERENISSIMA,FINO A 14 GIORNI,133,2020
503,AZIENDA ULSS N. 3 SERENISSIMA,OLTRE I 14 GIORNI,116,2020
504,AZIENDA ULSS N. 4 VENETO ORIENTALE,FINO A 14 GIORNI,36,2020
504,AZIENDA ULSS N. 4 VENETO ORIENTALE,OLTRE I 14 GIORNI,35,2020
504,AZIENDA ULSS N. 4 VENETO ORIENTALE,FINO A 14 GIORNI,16,2020
504,AZIENDA ULSS N. 4 VENETO ORIENTALE,OLTRE I 14 GIORNI,17,2020
505,AZIENDA ULSS N. 5 POLESANA,FINO A 14 GIORNI,85,2020
505,AZIENDA ULSS N. 5 POLESANA,OLTRE I 14 GIORNI,32,2020
505,AZIENDA ULSS N. 5 POLESANA,FINO A 14 GIORNI,39,2020
505,AZIENDA ULSS N. 5 POLESANA,OLTRE I 14 GIORNI,25,2020
506,AZIENDA ULSS N. 6 EUGANEA,FINO A 14 GIORNI,200,2020
506,AZIENDA ULSS N. 6 EUGANEA,OLTRE I 14 GIORNI,98,2020
506,AZIENDA ULSS N. 6 EUGANEA,FINO A 14 GIORNI,90,2020
506,AZIENDA ULSS N. 6 EUGANEA,OLTRE I 14 GIORNI,58,2020
507,AZIENDA ULSS N. 7 PEDEMONTANA,FINO A 14 GIORNI,101,2020
507,AZIENDA ULSS N. 7 PEDEMONTANA,OLTRE I 14 GIORNI,98,2020
507,AZIENDA ULSS N. 7 PEDEMONTANA,FINO A 14 GIORNI,39,2020
507,AZIENDA ULSS N. 7 PEDEMONTANA,OLTRE I 14 GIORNI,37,2020
508,AZIENDA ULSS N. 8 BERICA,FINO A 14 GIORNI,90,2020
508,AZIENDA ULSS N. 8 BERICA,OLTRE I 14 GIORNI,144,2020
508,AZIENDA ULSS N. 8 BERICA,FINO A 14 GIORNI,46,2020
508,AZIENDA ULSS N. 8 BERICA,OLTRE I 14 GIORNI,96,2020
509,AZIENDA ULSS N. 9 SCALIGERA,FINO A 14 GIORNI,85,2020
509,AZIENDA ULSS N. 9 SCALIGERA,OLTRE I 14 GIORNI,114,2020
509,AZIENDA ULSS N. 9 SCALIGERA,FINO A 14 GIORNI,39,2020
509,AZIENDA ULSS N. 9 SCALIGERA,OLTRE I 14 GIORNI,64,2020
901,AZIENDA OSPEDALE - UNIVERSITÀ PADOVA,FINO A 14 GIORNI,85,2020
901,AZIENDA OSPEDALE - UNIVERSITÀ PADOVA,OLTRE I 14 GIORNI,84,2020
901,AZIENDA OSPEDALE - UNIVERSITÀ PADOVA,FINO A 14 GIORNI,81,2020
901,AZIENDA OSPEDALE - UNIVERSITÀ PADOVA,OLTRE I 14 GIORNI,74,2020
912,A.O. INTEGRATA CON UNIVERSITÀ - VERONA,FINO A 14 GIORNI,158,2020
912,A.O. INTEGRATA CON UNIVERSITÀ - VERONA,OLTRE I 14 GIORNI,153,2020
912,A.O. INTEGRATA CON UNIVERSITÀ - VERONA,FINO A 14 GIORNI,92,2020
912,A.O. INTEGRATA CON UNIVERSITÀ - VERONA,OLTRE I 14 GIORNI,124,2020
501,AZIENDA ULSS N. 1 DOLOMITI,FINO A 14 GIORNI,102,2021
501,AZIENDA ULSS N. 1 DOLOMITI,OLTRE I 14 GIORNI,24,2021
501,AZIENDA ULSS N. 1 DOLOMITI,FINO A 14 GIORNI,16,2021
501,AZIENDA ULSS N. 1 DOLOMITI,OLTRE I 14 GIORNI,3,2021
502,AZIENDA ULSS N. 2 MARCA TREVIGIANA,FINO A 14 GIORNI,358,2021
502,AZIENDA ULSS N. 2 MARCA TREVIGIANA,OLTRE I 14 GIORNI,130,2021
502,AZIENDA ULSS N. 2 MARCA TREVIGIANA,FINO A 14 GIORNI,205,2021
502,AZIENDA ULSS N. 2 MARCA TREVIGIANA,OLTRE I 14 GIORNI,77,2021
503,AZIENDA ULSS N. 3 SERENISSIMA,FINO A 14 GIORNI,244,2021
503,AZIENDA ULSS N. 3 SERENISSIMA,OLTRE I 14 GIORNI,176,2021
503,AZIENDA ULSS N. 3 SERENISSIMA,FINO A 14 GIORNI,130,2021
503,AZIENDA ULSS N. 3 SERENISSIMA,OLTRE I 14 GIORNI,67,2021
504,AZIENDA ULSS N. 4 VENETO ORIENTALE,FINO A 14 GIORNI,22,2021
504,AZIENDA ULSS N. 4 VENETO ORIENTALE,OLTRE I 14 GIORNI,33,2021
504,AZIENDA ULSS N. 4 VENETO ORIENTALE,FINO A 14 GIORNI,25,2021
504,AZIENDA ULSS N. 4 VENETO ORIENTALE,OLTRE I 14 GIORNI,21,2021
505,AZIENDA ULSS N. 5 POLESANA,FINO A 14 GIORNI,87,2021
505,AZIENDA ULSS N. 5 POLESANA,OLTRE I 14 GIORNI,32,2021
505,AZIENDA ULSS N. 5 POLESANA,FINO A 14 GIORNI,45,2021
505,AZIENDA ULSS N. 5 POLESANA,OLTRE I 14 GIORNI,24,2021
506,AZIENDA ULSS N. 6 EUGANEA,FINO A 14 GIORNI,185,2021
506,AZIENDA ULSS N. 6 EUGANEA,OLTRE I 14 GIORNI,131,2021
506,AZIENDA ULSS N. 6 EUGANEA,FINO A 14 GIORNI,63,2021
506,AZIENDA ULSS N. 6 EUGANEA,OLTRE I 14 GIORNI,72,2021
507,AZIENDA ULSS N. 7 PEDEMONTANA,FINO A 14 GIORNI,124,2021
507,AZIENDA ULSS N. 7 PEDEMONTANA,OLTRE I 14 GIORNI,89,2021
507,AZIENDA ULSS N. 7 PEDEMONTANA,FINO A 14 GIORNI,50,2021
507,AZIENDA ULSS N. 7 PEDEMONTANA,OLTRE I 14 GIORNI,52,2021
508,AZIENDA ULSS N. 8 BERICA,FINO A 14 GIORNI,101,2021
508,AZIENDA ULSS N. 8 BERICA,OLTRE I 14 GIORNI,98,2021
508,AZIENDA ULSS N. 8 BERICA,FINO A 14 GIORNI,72,2021
508,AZIENDA ULSS N. 8 BERICA,OLTRE I 14 GIORNI,56,2021
509,AZIENDA ULSS N. 9 SCALIGERA,FINO A 14 GIORNI,92,2021
509,AZIENDA ULSS N. 9 SCALIGERA,OLTRE I 14 GIORNI,90,2021
509,AZIENDA ULSS N. 9 SCALIGERA,FINO A 14 GIORNI,62,2021
509,AZIENDA ULSS N. 9 SCALIGERA,OLTRE I 14 GIORNI,62,2021
901,AZIENDA OSPEDALE - UNIVERSITÀ PADOVA,FINO A 14 GIORNI,91,2021
901,AZIENDA OSPEDALE - UNIVERSITÀ PADOVA,OLTRE I 14 GIORNI,77,2021
901,AZIENDA OSPEDALE - UNIVERSITÀ PADOVA,FINO A 14 GIORNI,47,2021
901,AZIENDA OSPEDALE - UNIVERSITÀ PADOVA,OLTRE I 14 GIORNI,95,2021
912,A.O. INTEGRATA CON UNIVERSITÀ - VERONA,FINO A 14 GIORNI,182,2021
912,A.O. INTEGRATA CON UNIVERSITÀ - VERONA,OLTRE I 14 GIORNI,159,2021
912,A.O. INTEGRATA CON UNIVERSITÀ - VERONA,FINO A 14 GIORNI,105,2021
912,A.O. INTEGRATA CON UNIVERSITÀ - VERONA,OLTRE I 14 GIORNI,110,2021
501,AZIENDA ULSS N. 1 DOLOMITI,FINO A 14 GIORNI,90,2022
501,AZIENDA ULSS N. 1 DOLOMITI,OLTRE I 14 GIORNI,30,2022
501,AZIENDA ULSS N. 1 DOLOMITI,FINO A 14 GIORNI,17,2022
501,AZIENDA ULSS N. 1 DOLOMITI,OLTRE I 14 GIORNI,2,2022
502,AZIENDA ULSS N. 2 MARCA TREVIGIANA,FINO A 14 GIORNI,363,2022
502,AZIENDA ULSS N. 2 MARCA TREVIGIANA,OLTRE I 14 GIORNI,170,2022
502,AZIENDA ULSS N. 2 MARCA TREVIGIANA,FINO A 14 GIORNI,184,2022
502,AZIENDA ULSS N. 2 MARCA TREVIGIANA,OLTRE I 14 GIORNI,87,2022
503,AZIENDA ULSS N. 3 SERENISSIMA,FINO A 14 GIORNI,240,2022
503,AZIENDA ULSS N. 3 SERENISSIMA,OLTRE I 14 GIORNI,183,2022
503,AZIENDA ULSS N. 3 SERENISSIMA,FINO A 14 GIORNI,134,2022
503,AZIENDA ULSS N. 3 SERENISSIMA,OLTRE I 14 GIORNI,103,2022
504,AZIENDA ULSS N. 4 VENETO ORIENTALE,FINO A 14 GIORNI,28,2022
504,AZIENDA ULSS N. 4 VENETO ORIENTALE,OLTRE I 14 GIORNI,41,2022
504,AZIENDA ULSS N. 4 VENETO ORIENTALE,FINO A 14 GIORNI,18,2022
504,AZIENDA ULSS N. 4 VENETO ORIENTALE,OLTRE I 14 GIORNI,25,2022
505,AZIENDA ULSS N. 5 POLESANA,FINO A 14 GIORNI,87,2022
505,AZIENDA ULSS N. 5 POLESANA,OLTRE I 14 GIORNI,24,2022
505,AZIENDA ULSS N. 5 POLESANA,FINO A 14 GIORNI,49,2022
505,AZIENDA ULSS N. 5 POLESANA,OLTRE I 14 GIORNI,17,2022
506,AZIENDA ULSS N. 6 EUGANEA,FINO A 14 GIORNI,195,2022
506,AZIENDA ULSS N. 6 EUGANEA,OLTRE I 14 GIORNI,134,2022
506,AZIENDA ULSS N. 6 EUGANEA,FINO A 14 GIORNI,85,2022
506,AZIENDA ULSS N. 6 EUGANEA,OLTRE I 14 GIORNI,64,2022
507,AZIENDA ULSS N. 7 PEDEMONTANA,FINO A 14 GIORNI,125,2022
507,AZIENDA ULSS N. 7 PEDEMONTANA,OLTRE I 14 GIORNI,121,2022
507,AZIENDA ULSS N. 7 PEDEMONTANA,FINO A 14 GIORNI,48,2022
507,AZIENDA ULSS N. 7 PEDEMONTANA,OLTRE I 14 GIORNI,46,2022
508,AZIENDA ULSS N. 8 BERICA,FINO A 14 GIORNI,93,2022
508,AZIENDA ULSS N. 8 BERICA,OLTRE I 14 GIORNI,110,2022
508,AZIENDA ULSS N. 8 BERICA,FINO A 14 GIORNI,40,2022
508,AZIENDA ULSS N. 8 BERICA,OLTRE I 14 GIORNI,78,2022
509,AZIENDA ULSS N. 9 SCALIGERA,FINO A 14 GIORNI,107,2022
509,AZIENDA ULSS N. 9 SCALIGERA,OLTRE I 14 GIORNI,106,2022
509,AZIENDA ULSS N. 9 SCALIGERA,FINO A 14 GIORNI,79,2022
509,AZIENDA ULSS N. 9 SCALIGERA,OLTRE I 14 GIORNI,75,2022
901,AZIENDA OSPEDALE - UNIVERSITÀ PADOVA,FINO A 14 GIORNI,69,2022
901,AZIENDA OSPEDALE - UNIVERSITÀ PADOVA,OLTRE I 14 GIORNI,76,2022
901,AZIENDA OSPEDALE - UNIVERSITÀ PADOVA,FINO A 14 GIORNI,44,2022
901,AZIENDA OSPEDALE - UNIVERSITÀ PADOVA,OLTRE I 14 GIORNI,80,2022
912,A.O. INTEGRATA CON UNIVERSITÀ - VERONA,FINO A 14 GIORNI,152,2022
912,A.O. INTEGRATA CON UNIVERSITÀ - VERONA,OLTRE I 14 GIORNI,221,2022
912,A.O. INTEGRATA CON UNIVERSITÀ - VERONA,FINO A 14 GIORNI,98,2022
912,A.O. INTEGRATA CON UNIVERSITÀ - VERONA,OLTRE I 14 GIORNI,136,2022
501,AZIENDA ULSS N. 1 DOLOMITI,FINO A 14 GIORNI,107,2023
501,AZIENDA ULSS N. 1 DOLOMITI,OLTRE I 14 GIORNI,27,2023
501,AZIENDA ULSS N. 1 DOLOMITI,FINO A 14 GIORNI,17,2023
501,AZIENDA ULSS N. 1 DOLOMITI,OLTRE I 14 GIORNI,5,2023
502,AZIENDA ULSS N. 2 MARCA TREVIGIANA,FINO A 14 GIORNI,349,2023
502,AZIENDA ULSS N. 2 MARCA TREVIGIANA,OLTRE I 14 GIORNI,173,2023
502,AZIENDA ULSS N. 2 MARCA TREVIGIANA,FINO A 14 GIORNI,207,2023
502,AZIENDA ULSS N. 2 MARCA TREVIGIANA,OLTRE I 14 GIORNI,64,2023
503,AZIENDA ULSS N. 3 SERENISSIMA,FINO A 14 GIORNI,274,2023
503,AZIENDA ULSS N. 3 SERENISSIMA,OLTRE I 14 GIORNI,142,2023
503,AZIENDA ULSS N. 3 SERENISSIMA,FINO A 14 GIORNI,165,2023
503,AZIENDA ULSS N. 3 SERENISSIMA,OLTRE I 14 GIORNI,63,2023
504,AZIENDA ULSS N. 4 VENETO ORIENTALE,FINO A 14 GIORNI,16,2023
504,AZIENDA ULSS N. 4 VENETO ORIENTALE,OLTRE I 14 GIORNI,27,2023
504,AZIENDA ULSS N. 4 VENETO ORIENTALE,FINO A 14 GIORNI,10,2023
504,AZIENDA ULSS N. 4 VENETO ORIENTALE,OLTRE I 14 GIORNI,21,2023
505,AZIENDA ULSS N. 5 POLESANA,FINO A 14 GIORNI,88,2023
505,AZIENDA ULSS N. 5 POLESANA,OLTRE I 14 GIORNI,9,2023
505,AZIENDA ULSS N. 5 POLESANA,FINO A 14 GIORNI,38,2023
505,AZIENDA ULSS N. 5 POLESANA,OLTRE I 14 GIORNI,11,2023
506,AZIENDA ULSS N. 6 EUGANEA,FINO A 14 GIORNI,206,2023
506,AZIENDA ULSS N. 6 EUGANEA,OLTRE I 14 GIORNI,146,2023
506,AZIENDA ULSS N. 6 EUGANEA,FINO A 14 GIORNI,105,2023
506,AZIENDA ULSS N. 6 EUGANEA,OLTRE I 14 GIORNI,74,2023
507,AZIENDA ULSS N. 7 PEDEMONTANA,FINO A 14 GIORNI,131,2023
507,AZIENDA ULSS N. 7 PEDEMONTANA,OLTRE I 14 GIORNI,112,2023
507,AZIENDA ULSS N. 7 PEDEMONTANA,FINO A 14 GIORNI,51,2023
507,AZIENDA ULSS N. 7 PEDEMONTANA,OLTRE I 14 GIORNI,43,2023
508,AZIENDA ULSS N. 8 BERICA,FINO A 14 GIORNI,176,2023
508,AZIENDA ULSS N. 8 BERICA,OLTRE I 14 GIORNI,81,2023
508,AZIENDA ULSS N. 8 BERICA,FINO A 14 GIORNI,114,2023
508,AZIENDA ULSS N. 8 BERICA,OLTRE I 14 GIORNI,37,2023
509,AZIENDA ULSS N. 9 SCALIGERA,FINO A 14 GIORNI,131,2023
509,AZIENDA ULSS N. 9 SCALIGERA,OLTRE I 14 GIORNI,106,2023
509,AZIENDA ULSS N. 9 SCALIGERA,FINO A 14 GIORNI,86,2023
509,AZIENDA ULSS N. 9 SCALIGERA,OLTRE I 14 GIORNI,82,2023
901,AZIENDA OSPEDALE - UNIVERSITÀ PADOVA,FINO A 14 GIORNI,82,2023
901,AZIENDA OSPEDALE - UNIVERSITÀ PADOVA,OLTRE I 14 GIORNI,66,2023
901,AZIENDA OSPEDALE - UNIVERSITÀ PADOVA,FINO A 14 GIORNI,55,2023
901,AZIENDA OSPEDALE - UNIVERSITÀ PADOVA,OLTRE I 14 GIORNI,54,2023
912,A.O. INTEGRATA CON UNIVERSITÀ - VERONA,FINO A 14 GIORNI,141,2023
912,A.O. INTEGRATA CON UNIVERSITÀ - VERONA,OLTRE I 14 GIORNI,190,2023
912,A.O. INTEGRATA CON UNIVERSITÀ - VERONA,FINO A 14 GIORNI,86,2023
912,A.O. INTEGRATA CON UNIVERSITÀ - VERONA,OLTRE I 14 GIORNI,99,2023
